country_1,country_2,country_3,country_4,collaboration_emissions,technology_cost,technology_name
SG,,,,1422.9803061411483,0.0243225999012827,PHS_[SG]
SG,,,,1422.9803061411483,2.510529321413033e-12,PP_CO2_[SG]
SG,,,,1422.9803061411483,0.12311684830148344,PP_COAL_CO2_[SG]
SG,,,,1422.9803061411483,0.0,PP_OIL_CO2_[SG]
SG,,,,1422.9803061411483,0.0,PP_NGS_CCGT_CO2_[SG]
SG,,,,1422.9803061411483,0.0,PP_NGS_SCGT_CO2_[SG]
SG,,,,1422.9803061411483,1.144720441139277,Nuclear_Fission_Baseload_[SG]
SG,,,,1422.9803061411483,0.0,EL_Demand_[SG]
