country_1,country_2,country_3,country_4,collaboration_emissions,technology_cost,technology_name
SG,,,,26097.037689053886,0.020775301254621965,PHS_[SG]
SG,,,,26097.037689053886,1.8206379250495652e-11,PP_CO2_[SG]
SG,,,,26097.037689053886,1.5842359348281287,PP_COAL_CO2_[SG]
SG,,,,26097.037689053886,3.47481680306184e-13,PP_OIL_CO2_[SG]
SG,,,,26097.037689053886,0.0,PP_NGS_CCGT_CO2_[SG]
SG,,,,26097.037689053886,3.4748168030568696e-13,PP_NGS_SCGT_CO2_[SG]
SG,,,,26097.037689053886,0.0,EL_Demand_[SG]
