country_1,country_2,country_3,country_4,collaboration_emissions,technology_cost,technology_name
ID,,,,45.666666666667,0.11994928979966875,PHS_[ID]
ID,,,,45.666666666667,3.8662429271899676,PP_CO2_[ID]
ID,,,,45.666666666667,6.415598920731879e-16,PP_COAL_CO2_[ID]
ID,,,,45.666666666667,1.0637700423770208e-15,PP_OIL_CO2_[ID]
ID,,,,45.666666666667,1.1287925703255245e-15,PP_NGS_CCGT_CO2_[ID]
ID,,,,45.666666666667,1.063770042377018e-15,PP_NGS_SCGT_CO2_[ID]
ID,,,,45.666666666667,325759.08655472193,Nuclear_Fission_Baseload_[ID]
ID,,,,45.666666666667,2.5145044795899234,EL_to_H2_[ID]
ID,,,,45.666666666667,0.20583730086463256,H2_to_EL_[ID]
ID,,,,45.666666666667,7.12434946327612e-13,H2_to_NH3_[ID]
ID,,,,45.666666666667,0.22337031750644126,H2_Storage_[ID]
ID,,,,45.666666666667,3.542084345481186e-08,NH3_Storage_[ID]
ID,,,,45.666666666667,0.0,EL_Demand_[ID]
ID,,,,45.666666666667,3.079402293473341,RE_WIND_Onshore_Lim_[ID]
