region,group,scenario,2022,2030,2040,2050
IND,0,high,5713.455463864033,3507.312127744702,3274.7171493003493,3041.720750523192
IND,1,high,6344.462901944919,3894.667915196929,3636.384601140802,3377.65553294768
IND,2,high,6935.111457888914,4257.248643549409,3974.920005432062,3692.104114938794
IND,3,high,8073.0053526492475,4955.76621884535,4627.113879143565,4297.894340044575
IND,4,high,9797.187128820442,6014.187640391161,5615.343798261731,5215.811617850186
IND,5,high,8964.465524973573,5503.005817293146,5138.062101754643,4772.488553926836
