region,group,scenario,2022,2030,2040,2050
IND,0,high,0.1300999089452471,0.0798642767670314,0.074567904771464,0.0692623921167842
IND,1,high,0.164828625013263,0.1011831525011177,0.0944729732191666,0.0877512132813532
IND,2,high,0.19281485663444778,0.1183630273064199,0.1105135275236198,0.1026504808068473
IND,3,high,0.2369893780215123,0.1454803883461761,0.1358325422010392,0.1261680454745505
IND,4,high,0.3143254288449743,0.19295457812161637,0.1801583785521774,0.1673400948658568
IND,5,high,0.5183692495131474,0.318210716258528,0.2971078853746099,0.2759686345066767
