region,group,scenario,2022,2030,2040,2050
DEU,0,high,0.0715828556931117,0.0707537000380902,0.0665819711228287,0.0624239574622022
DEU,1,high,0.0745810429764263,0.073717158839051,0.0693707005914366,0.0650385320502814
DEU,2,high,0.0790934787617544,0.0781773263596794,0.0735678909136613,0.0689736097555056
DEU,3,high,0.0890117816283347,0.0879807439394069,0.0827932864173177,0.0776228835270774
DEU,4,high,0.1008474949169639,0.0996793622699004,0.0938021392043604,0.0879442384899433
DEU,5,high,0.1190580713813228,0.1176790027173819,0.1107404977615853,0.10382480429814311
