region,group,scenario,2022,2030,2040,2050
CHN,0,high,2934.794358013387,2792.625416788912,2594.682135364259,2396.2803836128955
CHN,1,high,3350.659548301589,3188.345034139809,2962.3528639842734,2735.8372575022518
CHN,2,high,3843.847513209105,3657.6417132391434,3398.3854597360405,3138.52872462836
CHN,3,high,4769.55924200546,4538.509599398802,4216.816801832188,3894.3789089992815
CHN,4,high,5759.923476517596,5480.898058619212,5092.408094890269,4703.018322290176
CHN,5,high,6876.429586202811,6543.317758109716,6079.52272829377,5614.653470257883
