region,group,scenario,2022,2030,2040,2050
CHN,0,high,0.0745890004988011,0.0709757186349625,0.0659449090736027,0.0609024473011321
CHN,1,high,0.0832021704734251,0.079171644637267,0.0735599019949946,0.0679351616017302
CHN,2,high,0.0933349045063831,0.0888135231302989,0.0825183572632235,0.0762086107206594
CHN,3,high,0.11099772486417518,0.1056207113166413,0.09813423996293472,0.0906304286674904
CHN,4,high,0.1264954629303296,0.1203676993323797,0.1118359509496034,0.1032844415856001
CHN,5,high,0.147722094215821,0.1405660583345404,0.1306026358589033,0.12061613640119122
