country_1,country_2,country_3,country_4,collaboration_emissions,technology_cost,technology_name
KR,,,,302.22995510034184,0.7504485628849871,RE_PV_Openfield_BAU_[KR]
KR,,,,302.22995510034184,0.09823414500609808,RE_WIND_Onshore_BAU_[KR]
KR,,,,302.22995510034184,0.26654579645557347,HYDRO_[KR]
KR,,,,302.22995510034184,23.63462899238407,PP_CO2_[KR]
KR,,,,302.22995510034184,3.7053599343523804,FF_to_HTH_[KR]
KR,,,,302.22995510034184,0.0,EL_Demand_[KR]
KR,,,,302.22995510034184,0.0,HTH_Demand_[KR]
BR,,,,205.33274424992658,1.4590863343924783,RE_PV_Openfield_BAU_[BR]
BR,,,,205.33274424992658,2.1982287033089003,RE_WIND_Onshore_BAU_[BR]
BR,,,,205.33274424992658,8.494486046028289,HYDRO_[BR]
BR,,,,205.33274424992658,6.740267016159406,PP_CO2_[BR]
BR,,,,205.33274424992658,20.581761491488535,FF_to_HTH_[BR]
BR,,,,205.33274424992658,0.0,EL_Demand_[BR]
BR,,,,205.33274424992658,0.0,HTH_Demand_[BR]
