country_1,country_2,country_3,country_4,collaboration_emissions,technology_cost,technology_name
BR,,,,205.3327442499615,1.4590863343924783,RE_PV_Openfield_BAU_[BR]
BR,,,,205.3327442499615,2.1982287033089003,RE_WIND_Onshore_BAU_[BR]
BR,,,,205.3327442499615,8.494486046028289,HYDRO_[BR]
BR,,,,205.3327442499615,6.740267016159406,PP_CO2_[BR]
BR,,,,205.3327442499615,20.581761491488535,FF_to_HTH_[BR]
BR,,,,205.3327442499615,0.0,EL_Demand_[BR]
BR,,,,205.3327442499615,0.0,HTH_Demand_[BR]
