country_key,Mitigation_Cost($/tCO2e)_autarky,Mitigation_Cost($/tCO2e)_collaboration
"('CN', 'IN', 'JP')",18.54839234467241,11.875607000814878
"('CN', 'IN', 'JP', 'KR')",19.10327504854889,10.498520714989448
"('CN', 'JP')",18.932919389186324,15.095826917285049
"('CN', 'JP', 'KR')",19.71204147391668,13.209151739051496
"('IN', 'JP')",23.1890926042462,16.87821435274293
"('IN', 'JP', 'KR')",24.3228817873896,12.665625124995776
"('JP',)",53.0649709720366,53.0649709720366
"('JP', 'KR')",48.79113015911795,30.332251677683452
