country_key,Mitigation_Cost($/tCO2e)_autarky,Mitigation_Cost($/tCO2e)_collaboration
"('CN', 'IN', 'RU')",16.118223863796462,12.041500526853502
"('CN', 'IN', 'RU', 'SA')",16.181664222110957,11.988703729582635
"('CN', 'RU')",15.434344705304085,15.428356531182532
"('CN', 'RU', 'SA')",15.56101297601274,15.419187545664178
"('IN', 'RU')",16.523930346630276,15.170786422956091
"('IN', 'RU', 'SA')",16.64342085807363,13.954677656125469
"('RU',)",11.693019706453876,11.693019706453876
"('RU', 'SA')",13.83982373946731,12.972699359500174
