country_1,country_2,country_3,country_4,collaboration_emissions,technology_cost,technology_name
ID,,,,0.0004796715996538599,0.0,CEM_Demand_[ID]
ID,,,,0.0004796715996538599,5.984380522415255e-05,CEM_Production_EL_[ID]
ID,,,,0.0004796715996538599,2.4669362113826738e-11,PP_COAL_CO2_[ID]
ID,,,,0.0004796715996538599,2.4734323011767225e-11,PP_NGS_CCGT_CO2_[ID]
ID,,,,0.0004796715996538599,2.9863446397512913e-11,PP_NGS_SCGT_CO2_[ID]
ID,,,,0.0004796715996538599,3.17418370103407e-11,Nuclear_Fission_Baseload_[ID]
ID,,,,0.0004796715996538599,3.081347296485515e-05,RE_WIND_Onshore_Lim_[ID]
