country,pv_bau_capacity_GWp
SGP,1.032536659
IDN,1.696863494
MYS,3.139292062
BRN,0.00834215
KHM,0.840733944
MMR,0.315711294
PHL,3.985433676
THA,5.548495179
VNM,30.35247669
LAO,0.102911416
AUS,0
SAU,0
IND,0
ARE,0
MAR,1.143238444
KEN,2.089114026
ZAF,8.677732573
KOR,30.9912449
EGY,5.170633584
NGA,0.711013604
BRA,80.42658823
COL,1.513060403
PER,0.744756757
CHL,17.41105844
FRA,0
DEU,0
USA,0
RUS,0
CHN,0
TUR,0
JPN,0