country_key,Mitigation_Cost($/tCO2e)_autarky,Mitigation_Cost($/tCO2e)_collaboration
"('CN', 'IN', 'RU', 'SA')",16.181664222110957,11.988703729582635
"('CN', 'IN', 'SA')",16.521103102510487,12.19179735499596
"('CN', 'RU', 'SA')",15.56101297601274,15.419187545664178
"('CN', 'SA')",15.987344834242217,15.939848552921752
"('IN', 'RU', 'SA')",16.64342085807363,13.954677656125469
"('IN', 'SA')",17.697327021561385,15.511082418906298
"('RU', 'SA')",13.83982373946731,12.972699359500174
"('SA',)",17.770287317650165,17.770287317650165
