country_key,Mitigation_Cost($/tCO2e)_autarky,Mitigation_Cost($/tCO2e)_collaboration
"('BR', 'CO', 'PE', 'US')",22.214120017599686,18.967467711662096
"('BR', 'CO', 'US')",23.06972041753943,20.19299585309615
"('BR', 'PE', 'US')",23.457469408006755,21.099613904306064
"('BR', 'US')",24.34315666430685,22.342659553363564
"('CO', 'PE', 'US')",30.656761324623545,29.360323761268784
"('CO', 'US')",31.710532155440266,30.8022363632579
"('PE', 'US')",32.18860673023079,31.79803969366917
"('US',)",33.283312631168755,33.283312631168755
