country_1,country_2,country_3,country_4,collaboration_emissions,technology_cost,technology_name
BR,,,,21.986719069245737,3.293931529383577,RE_PV_Openfield_Lim_[BR]
BR,,,,21.986719069245737,1.9380027534113198e-11,RE_PV_Rooftop_Lim_[BR]
BR,,,,21.986719069245737,14.096692269718812,RE_WIND_Onshore_Lim_[BR]
BR,,,,21.986719069245737,3.284032550917319e-12,RE_WIND_Offshore_Lim_[BR]
BR,,,,21.986719069245737,5.481229342395105,HYDRO_[BR]
BR,,,,21.986719069245737,8.18398498831479e-09,PP_CO2_[BR]
BR,,,,21.986719069245737,0.22513947184169497,BESS_[BR]
BR,,,,21.986719069245737,1.4798400089417123,EL_to_HTH_[BR]
BR,,,,21.986719069245737,0.004077440659415738,EL_to_NH3_[BR]
BR,,,,21.986719069245737,0.057282534094993114,NH3_Storage_[BR]
BR,,,,21.986719069245737,5.727196040087258e-09,NH3_to_EL_[BR]
BR,,,,21.986719069245737,0.015927685342013345,NH3_to_HTH_[BR]
BR,,,,21.986719069245737,3.238520389733855,FF_to_HTH_[BR]
BR,,,,21.986719069245737,0.0,EL_Demand_[BR]
BR,,,,21.986719069245737,0.0,HTH_Demand_[BR]
