country_1,country_2,country_3,country_4,collaboration_emissions,technology_cost,technology_name
BR,,,,21.986719069028428,3.293931529383577,RE_PV_Openfield_Lim_[BR]
BR,,,,21.986719069028428,1.9380027534113198e-11,RE_PV_Rooftop_Lim_[BR]
BR,,,,21.986719069028428,14.096692269718812,RE_WIND_Onshore_Lim_[BR]
BR,,,,21.986719069028428,3.284032550917319e-12,RE_WIND_Offshore_Lim_[BR]
BR,,,,21.986719069028428,5.481229342395105,HYDRO_[BR]
BR,,,,21.986719069028428,8.18398498831479e-09,PP_CO2_[BR]
BR,,,,21.986719069028428,0.22513947184169497,BESS_[BR]
BR,,,,21.986719069028428,1.4798400089417123,EL_to_HTH_[BR]
BR,,,,21.986719069028428,0.004077440659415738,EL_to_NH3_[BR]
BR,,,,21.986719069028428,0.057282534094993114,NH3_Storage_[BR]
BR,,,,21.986719069028428,5.727196040087258e-09,NH3_to_EL_[BR]
BR,,,,21.986719069028428,0.015927685342013345,NH3_to_HTH_[BR]
BR,,,,21.986719069028428,3.238520389733855,FF_to_HTH_[BR]
BR,,,,21.986719069028428,0.0,EL_Demand_[BR]
BR,,,,21.986719069028428,0.0,HTH_Demand_[BR]
KR,,,,213.64910865792385,3.1479314073582354,RE_PV_Openfield_Lim_[KR]
KR,,,,213.64910865792385,7.210482746317327e-11,RE_PV_Rooftop_Lim_[KR]
KR,,,,213.64910865792385,0.879912119822596,RE_WIND_Onshore_Lim_[KR]
KR,,,,213.64910865792385,4.660309227667591e-11,RE_WIND_Offshore_Lim_[KR]
KR,,,,213.64910865792385,0.23924491531468828,HYDRO_[KR]
KR,,,,213.64910865792385,16.6637670413232,PP_CO2_[KR]
KR,,,,213.64910865792385,0.1116641753974763,BESS_[KR]
KR,,,,213.64910865792385,0.1361730221262607,EL_to_HTH_[KR]
KR,,,,213.64910865792385,1.7971500528980152e-08,EL_to_NH3_[KR]
KR,,,,213.64910865792385,2.492271305459819e-08,NH3_Storage_[KR]
KR,,,,213.64910865792385,2.962081072630759e-08,NH3_to_EL_[KR]
KR,,,,213.64910865792385,1.6409856078368397e-10,NH3_to_HTH_[KR]
KR,,,,213.64910865792385,3.4370335334443705,FF_to_HTH_[KR]
KR,,,,213.64910865792385,0.0,EL_Demand_[KR]
KR,,,,213.64910865792385,0.0,HTH_Demand_[KR]
